,0,1,2,3,4,5,6,7,8,9,10,11,12,13,14,15,16,17,18,19,20,21,22,23,24,25,26,27,28,29,30,31,32,33,34,35,36,37,38,39,40,41,42,43,44,45,46,47,48,49,50,51,52,53,54,55,56,57,58,59,60,61,62,63,64,65,66,67,68,69,70,71,72,73,74,75,76,77,78,79,80,81,82,83,84,85,86,87,88,89,90,91,92,93,94,95,96,97,98,99,100,101,102,103,104,105,106,107,108,109,110,111,112,113,114,115,116,117,118,119,120,121,122,123,124,125,126,127,128,129
0,0.610141644578,1.90676909953,1.17067135143,0.998418721764,,0.140642721133,1.09396658501,0.87551399605,0.251333108673,0.98740305618,0.789377761011,0.354901232892,1.63876848861,,1.78580397802,1.9493811764,0.247562929528,0.296799175498,0.686858157663,0.749334463137,1.22922979893,1.6486544567,0.313373518657,0.262971580445,0.990049076979,0.312904438253,1.79601687671,1.00271585549,1.5113208179,0.232521830968,0.464891639831,0.640806981921,0.837965164048,0.131341961741,1.00584120893,1.9029836759,0.832777993111,0.502616456179,0.418958753795,0.345451727335,0.79940107957,0.337898872658,2.01917677283,0.870325146699,0.946734291288,0.614455266606,,1.51097245128,0.114256778357,,1.372655411,0.956042859996,0.689070218671,0.671727647052,,0.659817247798,0.214780472895,1.47292079499,,,1.94408922341,0.749183119434,0.27047200724,0.220358807566,,1.0536563089,0.253672925864,0.848589679344,1.04302583882,0.676042205965,0.333268126376,0.535685095811,0.223648288426,0.405099761002,0.492174620426,0.647281892998,1.68211152097,1.85718020685,0.241094638246,0.327239519313,1.13325446159,0.361688375926,0.203685398951,0.846896996711,0.842990727291,1.21801824024,,1.45524538152,,0.562639619485,,1.18246789946,0.99750734621,1.65467979433,0.161529196515,0.405069264041,0.450560330303,0.560834778346,0.892746479859,0.503548042435,1.02007103527,0.323248675165,0.11819578633,0.373135884914,0.808956978355,0.784689766288,1.8776854769,0.602359175198,0.140311121888,0.581032292332,0.850549446119,1.68582653897,1.65142094273,0.474056629429,0.635122417093,,0.91098064608,0.959983894333,0.350185575921,0.111576283076,0.397803783873,2.06195330029,0.102435431235,0.558817573165,1.06492483536,1.20092507508,1.67984585032,0.499366160919,1.61587519503,0.914763142466
1,,2.08660779143,1.44924140522,0.95337220159,0.421225676412,,,0.38103477006,0.615212479394,0.638059173802,0.555155233584,0.89596800202,1.18342113727,0.339936665326,,1.33585230931,,1.08984678962,0.105929750256,0.386715665743,,,0.863731856039,,0.674313767895,0.686288121434,1.24666147181,0.588953382038,1.67519806713,0.56891127313,0.935291258451,,0.185958687622,0.343146472118,0.122979095431,1.48747782868,,0.541528323748,,,0.974805013245,0.90714066281,1.2618116911,0.170555036127,0.882649705986,0.578706358089,1.44357675251,,0.874828075201,0.545082752183,,0.85080813326,0.512505920273,,0.583421372355,0.236645478529,0.208567959996,1.77123872798,0.100851398131,0.987844931131,1.84203605756,,0.742490895812,0.600731889245,0.149916310166,0.856780484351,0.800011894726,0.962723233667,0.716918925487,0.435884913232,0.451041953384,0.985268462225,0.579274991047,0.729237551883,0.337852173211,0.454890355609,,1.24680509839,0.431933694479,0.143774286285,1.32190311506,,0.554788902315,0.454647383724,0.838185335642,1.12261851914,0.183931188019,1.25219956563,0.444198217677,0.558857567055,0.479791961845,1.72778594944,0.177829543343,1.80834073086,0.215768565984,0.820994447647,,0.559009198167,0.248459639616,0.258543487907,0.517151326542,0.627375179036,1.04373015762,0.75821645905,1.05543642587,0.805010718503,1.87685118714,0.101623186755,0.540324004898,0.593594461161,0.917872452869,,1.97422480067,0.76138561836,0.552398334145,0.470684585744,0.149392441975,0.985438338462,0.263766564029,0.61151440626,0.257706852769,,1.02881394581,1.0743876276,0.111944904909,1.94280308176,1.36217556298,,1.5426619442,0.96370698086
2,0.145950104525,0.216833386352,0.485463656736,0.881499063749,0.464372860118,0.653308320057,0.650888016452,0.579486254482,0.611492042658,0.722588162264,0.410734408399,0.181565205944,0.885291625135,0.933939086168,0.825231170367,0.471758605258,0.337975214032,0.825913450876,0.347297905791,0.226135368962,0.463327804269,0.685625339677,0.428165443148,0.835656978809,0.639814863763,,0.110587071295,0.343588913168,0.757806688443,0.387944115679,0.265619941882,0.817399293077,0.887648525259,0.323694840636,0.64746758643,0.932697330773,,0.44839222641,1.0642582243,0.672870320264,0.201268966777,0.892695337006,0.919030144139,0.772519935381,0.49530749466,0.186088742112,0.822310837284,0.52254122779,,0.956334817552,0.991673236685,0.361201675979,0.168124095438,0.762144058594,0.159166493031,,0.935031654145,0.93715014127,0.644988435426,0.79574357887,0.823422496543,0.54073073623,0.707125289244,0.17929594554,,0.483890771342,0.442676386955,0.331878650705,0.572291578929,1.07997779998,0.392411363409,,0.973417471364,0.721121128368,1.06449750259,0.458625532122,0.83930534073,0.693398269283,0.127950248002,0.943212650654,0.760412897295,0.488819914395,0.221852122309,1.01667141985,0.910316696088,0.556061178518,0.21131205695,0.370651414441,0.264369885344,0.142313917581,0.585441175784,0.686229603689,,0.321226029446,0.123831829716,0.24517840049,0.296726119073,,0.206107535631,1.08936342722,0.979856834717,,0.799180180788,0.603632020835,0.973896294425,0.47777428706,,1.0132140852,0.544385813979,0.597225461136,,1.07125422787,,0.581411355965,1.08715350669,,0.143914635478,0.16865913128,0.814245489112,0.210802421673,1.06918870032,0.744978761445,0.323699640327,0.127329880495,,1.08876611241,,0.378314042522,0.88001131925,0.134626026625
3,0.125670038111,0.771523525282,0.119316813366,1.33555606516,0.8702474968,1.42140025694,0.26537519748,1.66145099123,0.477712275442,1.23579431251,0.394281634233,1.47545070496,0.892910729631,1.88043224607,0.641663118254,0.377699135147,1.05568237736,1.92678745316,1.79508095,0.97366558586,0.610529098246,0.175896260191,0.139184166064,1.67735778993,0.902721290588,0.502041119403,0.246906922671,1.61385192189,0.653850414173,,1.21641275702,0.658585435051,0.284115461614,0.976441075658,1.04030715862,0.490772376397,,0.886157675676,2.08836036471,0.674361919118,1.027723767,1.43536138974,0.587405585435,0.724669256717,1.37091818293,0.153197568136,0.262008075708,,,0.523962857922,0.630373714119,,0.366264455833,1.02682388176,0.249192974373,0.28872841448,0.398566771654,,1.80367921993,1.56721477904,0.933666356636,0.381867524016,0.3185989395,0.795545456807,1.84411789236,0.794002209876,1.36167445186,1.36072534675,0.555897969243,1.98967828708,0.607807031645,0.631120841323,0.226690316211,1.43304333419,,1.06323477123,0.512420046307,0.616235756754,1.09308508727,0.628191029754,0.49519796152,0.240280391398,0.574776314966,,0.842035036834,0.888560763515,0.454664175343,0.186253364862,0.963604586912,2.07511269726,0.949535861701,0.478822743937,1.2138566259,0.203656055292,,1.29745457301,0.496978933391,,0.930437607673,1.64835953419,0.750754886727,0.29568152687,1.3695801349,1.04113730561,0.441303114683,0.897592018637,,1.89908597403,0.593944457862,0.572752645058,,0.995837680527,1.04136827963,0.103932850835,1.28796795112,,,0.691819514302,,1.45206444949,0.505040152234,0.428185105784,0.425532057702,0.480012932979,0.825141719246,0.142753445701,0.433396583243,0.228299118733,0.183356116171,1.06506789689
4,0.398014657337,0.102008749487,0.348774319329,1.28424892971,0.82834955316,1.82459717802,0.444883792957,1.50560455072,0.594312475719,2.08451145014,0.662433731148,1.85220255456,1.08583943441,1.48200822728,0.615925530535,0.639176727086,1.05030694116,1.1578884582,1.41852856233,0.71791549806,0.238269552993,0.972588564205,0.387466981407,1.56597215484,0.833163874054,1.09276656932,0.571077397239,1.33514116692,,0.66173315189,1.45405312586,0.531819475197,1.09979019861,0.608863726475,0.65671447723,0.29392887989,,0.568476013636,1.3060374753,0.870001487658,0.952421997685,1.24873797873,0.153540484166,0.750954677119,1.20716651904,0.962196145463,0.176168335743,0.291841096149,0.408361495386,0.759815734533,0.87414619022,0.873512635445,0.765506279157,0.254325538753,0.102770535633,0.346591095759,0.466964243282,0.727632743759,1.41806350719,1.50458612668,0.770961713989,0.338408854566,0.991304616653,0.819500871108,1.5845174773,0.252555082054,,1.45539848581,0.215753304979,1.98433139931,0.241738810649,0.884074113833,0.520741417767,1.30601696263,0.894749226901,0.875497686761,0.562099242161,0.466898586548,0.422173318462,0.153596631765,0.33447673068,0.150161108602,0.274449826188,0.962686273324,0.666681529287,0.362782676557,,0.355928938993,0.344696123756,1.4587707615,0.872973778283,1.02791415955,1.44634925349,0.452754966795,,2.0704956752,0.208761435816,0.507616732804,0.643659890635,1.69423193889,0.961465108299,0.359325876837,,0.323227467989,0.847302472398,0.152640439207,,1.27232330928,0.719794247703,0.998365475453,0.602111281107,0.811547015936,0.526102423965,,,0.89381734403,0.317094752723,1.01760957104,0.470205639681,,0.174970679045,0.240405315511,0.956162719678,1.04399972912,0.809109273492,1.04170352537,1.04526172069,,0.49094622511,0.441180929273
5,0.542108565579,0.306676854734,0.911595572176,0.544869091403,,0.342836118197,1.05123145581,0.873473656208,1.37562323468,0.46464507891,1.85081264053,0.900750905558,0.720900635515,0.610946744106,0.283038609108,0.977310026824,2.00271372084,0.765217459977,0.878174308414,1.77233597227,0.260750782637,0.941921027753,0.71046419486,0.549132284144,0.976715300974,1.41081007469,0.86518131395,1.00281260755,0.813685248044,0.550781333441,,1.94481604589,0.206743812164,,1.83999741601,0.638898488524,0.833366191119,,0.922864390293,,0.444284057413,,0.824561849929,,1.04460695211,1.31213425318,0.426252238554,0.736548357644,2.03051494267,0.328035214394,0.683515739925,0.495754503786,,0.638598060495,1.94529108232,0.512109000377,0.393277679531,0.743340265318,0.583934211437,0.163789304846,,0.127307960153,,1.57880007733,0.466186534454,1.68329857185,0.930574813833,0.245960914162,0.482890880965,0.379854344406,1.89282211122,1.57442391209,1.90463589343,0.782673139897,0.103021249477,1.82470695479,0.748322788614,0.495824968856,0.10011279292,0.397120389804,0.599047307632,,1.02194099616,0.658945988255,1.81722731581,1.01542806881,,0.712033430734,1.61308634505,0.983482060139,0.470513195213,1.01753850897,0.557003530994,,1.20869511714,0.31120900218,0.839700338277,0.943545575652,0.18765743262,0.126694370463,0.266073156802,0.747919232074,0.608366803836,0.745113218194,0.563090815094,1.52126067287,0.908911016459,0.246059886229,1.81870926666,0.462022515641,2.02920564712,,0.210844588638,0.480368088393,,0.666874720987,,1.36759911788,,0.124364597684,1.26745561209,0.221345217382,0.806472062915,0.974854847507,0.249973999719,0.152760520837,,1.76006035913,1.06871012545,0.819552263367
6,1.59765389997,0.241350636422,0.22189355693,0.921265196736,1.67866433605,1.08736070397,1.21395005157,0.401852474285,0.242152323553,1.04509770928,0.989643138248,0.397573975584,0.184314064982,1.01274890884,0.40707726462,0.15719491492,1.05943905034,0.641865397286,0.455053724509,0.540799547739,0.768354476402,0.785712356609,1.60705442018,0.286817131714,1.89544659708,0.887312796679,0.741755496095,0.439730519696,0.424090629494,1.299526919,0.694459161611,0.738106755471,1.29034372896,1.65338214783,,0.923539154284,0.458762728764,0.199850954837,,,1.3388974208,0.473650810916,0.116013257158,0.900853692447,0.777625393025,,1.02934573207,0.397650278965,1.04952791551,,0.365733776167,,1.37116211033,2.09110363465,,0.997810987022,0.316505024295,0.844256217169,0.276645820843,0.814346045092,0.838656927368,1.29435714673,0.458376777296,0.274857236024,0.763594009676,0.943316314018,0.600345881319,0.868575150388,1.16842191243,1.06708515398,0.747266288275,0.879117278984,0.472926082005,0.764865151009,2.00191336676,0.809065359431,0.614352896464,0.589397145268,1.22480648283,1.91670506571,0.697815794737,0.158714798881,1.30820543828,1.68441374906,0.362762422754,0.797104645177,0.238841014291,0.126545473508,1.09105803668,0.868587597577,0.274804413597,0.82509454229,0.342486865429,0.156717845078,,0.801658474015,,1.56097455484,1.76890002388,0.220514497479,1.50016745977,1.45493246803,0.258412414389,1.04498110982,0.926242757566,0.586630451803,0.695826439946,0.379507314856,0.658753342828,0.813508730273,0.414452133763,0.211483946391,0.116660463368,1.9977443669,0.951745286447,1.88307665902,,0.523706592207,0.394925090154,0.30454844907,,0.55838176085,1.483031432,0.181156749326,0.348830223012,0.834231060172,0.744940890005,,0.302971968579,1.47620045601
7,,1.02040162545,0.287179511958,,1.91080899036,0.61306482365,1.36402015824,,0.521116333269,0.178313695063,,1.02261903128,0.102065913224,,0.273353238401,0.605567329031,,0.38940313601,0.552836257108,0.367341651574,0.192462212276,,1.76311559396,0.486105530964,1.42087493352,0.126220832547,0.947740713919,0.596718745189,0.888619704227,1.14029928267,,0.843185751761,1.74729189199,1.12592274923,0.672990481603,0.676902347911,0.90493940158,1.08647732906,0.800632141855,1.41720357167,1.84705691632,0.866987615387,0.141560115042,0.83447483589,0.124887026221,0.760565183053,0.84029622962,0.251865881727,0.80464061049,1.30576817861,0.476418289131,1.10518968777,,2.08655848882,0.292264873549,1.00607421803,0.692938735749,0.671096298,,0.855664073365,,,0.300738901635,0.10985692275,0.771835219117,0.359797472791,0.357444877717,0.115353720657,1.58094717726,0.5715726588,0.379845347487,0.829145789262,,1.01051659241,1.65506444721,0.587104892659,0.711472541755,0.329131902437,1.95941082886,1.71464312473,0.245753612631,0.293773312439,1.67774894657,1.51584788386,0.863662169181,0.2409923296,0.668603039239,0.310359636217,0.792566070525,0.808580594042,0.257549988607,0.47391309521,0.240875977836,0.16574205803,0.210635253168,0.636975344782,1.43554717554,1.68900781254,1.18148069816,1.09459881097,1.1534612008,1.1288622268,0.779101389594,0.755758883108,1.05251867368,0.395604825694,0.758405409411,1.06919416641,0.135297215005,,,0.393433624041,0.905234123677,,0.619511079129,1.19201885868,1.0696751158,0.541653073624,0.544726403566,0.152088551407,0.455917181748,0.318562049135,2.04195303293,0.70408862382,0.610762121291,0.903332816644,0.897160607554,0.37043894826,0.358654412662,1.78862030916
8,2.06068062863,0.923579024762,0.121851115304,0.771563571858,1.20613290334,0.797714054161,1.20738120682,0.915859943313,0.175724741905,0.718217380577,0.509572803098,0.220747161718,0.617167948437,0.304406388273,0.964439266304,0.720927510154,0.223080350697,0.35521983589,0.968060364516,0.540766596555,0.812228153171,0.999036408841,1.54182954811,,1.93008683161,0.20426762036,0.926831011552,0.46903554338,,1.83710778856,,0.639178348909,1.16764798447,1.55101375714,0.821610193661,0.770519234918,0.689174063308,0.473282578112,0.269231376239,1.40946869492,1.85483401185,0.554778667006,0.560917420636,0.606176617722,0.567210468918,0.343203493956,0.782642314515,0.182231589278,0.748440831075,1.89645825512,0.192399640208,1.60337467211,,1.16468789201,0.235448434478,0.468817306177,0.829288514664,0.566377486072,0.264912148817,0.438813689911,0.375751469949,1.85095166113,0.605473981084,0.374721055505,0.890094155051,0.193507263832,0.603128959862,0.588203863886,1.87192470695,0.379104311395,0.910727148563,1.01533479606,,,1.37074303551,0.361865433095,,0.801968110365,1.22216311144,1.27762026052,0.988892086767,0.225338399209,1.41617229787,1.18084194856,0.910289845877,0.171894627878,,0.395480658137,0.902445816463,0.947050568202,0.988675992938,0.462473748239,0.923954380659,0.196296370362,0.751391088574,0.570670322805,1.28783407647,1.37546807892,2.05906316646,0.577587081768,1.56588149885,1.14956995055,0.85646782781,0.369211042351,0.823083384721,1.03652700017,0.132663775233,0.430556444496,0.728735706658,0.959023879543,0.390916970561,1.00813355832,0.750111509965,1.4642351926,,1.19862033873,0.91338487015,0.108032637053,0.494599743562,0.135069219037,0.973611724347,,1.5887585397,0.734838979867,0.178315093652,,1.099768001,0.630726468681,0.476158266697,1.86162804879
9,0.77353561693,,1.18228068847,0.992856764229,1.02265262209,0.995959149491,0.879453477114,0.569128663046,0.936264691582,0.527720955602,0.863335704204,0.204940855498,1.52999729211,0.86247152806,1.76149472333,2.05324268059,1.03671652316,0.323137432507,0.20688312663,0.635042946431,1.31168809564,1.26467623675,0.802402440101,0.201206861739,0.847981281727,0.250118889188,1.73834132051,0.234324085717,1.54335774325,0.551296536017,0.804493139366,0.567558190898,,0.153301540976,0.206444689167,1.56056610058,0.36045700427,0.809468341158,0.80405589594,0.174749448257,0.186473221056,0.515343073495,1.94834236063,1.0938277042,0.728127343844,1.03284830725,1.70530251457,2.02580011071,0.503249332972,0.452354679875,1.30945118386,0.914612977466,0.602338996205,0.776568054912,0.335031316916,0.286436137262,0.485805220226,1.99574019129,0.24593013976,0.139778418483,,0.449154065394,0.180541499987,0.55198466317,0.933121357308,1.05646889089,0.822840799529,0.887718549393,0.123855380332,0.597730016561,0.515040973385,0.685560407481,0.173866380988,,0.499372783483,,,,0.96894381239,1.04206390931,,0.16605579829,0.49118335014,,0.56004104457,1.26266345054,0.21546719811,1.92557800956,0.241685853973,0.46030702284,0.576953975544,1.4106060705,0.897537274215,1.55736740346,0.427836883151,0.979791897694,1.02518560888,0.763042835312,0.830634051372,0.75179474856,0.717113949136,0.207136805555,0.443591179044,0.282148818424,0.479677835107,0.662955128512,1.40511079409,1.0411863615,0.910372171274,0.37022393836,0.368184222623,2.0164469864,1.16129280208,0.647957759408,0.915623601798,0.243657421648,0.946817137294,0.167636189795,0.834933137243,0.532302485718,0.477863221422,1.65219708668,1.00296339218,0.871939211164,0.500847324489,1.21678594425,1.49381365842,0.48330626733,2.0374400488,0.781862726719
10,0.725509387218,1.06079927646,0.17768118412,,0.532034019691,1.6338667844,0.445843468797,,0.565311987483,1.20763739737,,1.78186346046,0.479244757138,1.69848078777,0.604757324686,0.108785149343,0.537239871652,1.85790746543,2.04911632133,0.835431015307,0.546742658642,0.464146914581,0.622940068878,1.50360149535,0.526402322116,0.591233397163,0.257681087711,1.91534132367,0.833125072044,1.0501586401,1.7611505588,0.389552467155,0.3500313904,0.756238335356,0.96767970787,0.125526110678,1.79579246606,0.847367730309,1.47201471706,0.733078091552,0.608388341186,1.48462010411,0.256445942546,1.04442162649,1.46428484352,0.842561634971,0.835411119369,0.629071964428,0.127868295562,1.02284793026,0.107359653702,,1.07381391469,0.393129146535,0.597957340954,0.652308826867,0.958238130605,0.855740697872,1.40124468015,1.23565722705,0.903914786841,0.351331908831,0.421804543494,0.471545768012,1.5897540027,0.766414810751,1.62370914626,,0.831469773088,1.25505061573,0.645877423885,,0.397156888047,1.75007145899,0.818424353977,1.08300553954,,1.04705981347,0.599643129007,0.301946532307,,1.06275200499,0.259353238507,0.42822844199,0.258561180726,0.785047804656,0.538282727224,0.196536242345,0.796629449011,1.23898281392,0.595238921997,,1.51409918873,0.706360857216,0.666062599076,1.88848808428,0.152110689514,1.09468358468,0.651998706975,1.42182927092,,0.193308138639,1.75282041816,0.904373634172,0.858780153589,0.166001568104,0.622877548447,1.11671387375,0.382962889509,0.175010861422,0.846758709345,0.699958745644,0.254397063378,0.419805945243,1.79948661709,0.82209685624,0.767329511573,,0.574790807191,1.7889051993,,0.749714507091,0.28805154065,,0.342617152377,0.693512482747,0.241120384889,0.879140209598,0.738061646106,0.408278062189
11,0.332995909951,0.36185870592,0.832663129864,1.08499986323,1.0809150086,0.598382269526,0.756692362544,,1.59439193024,0.826427065656,1.9958147353,0.953917492855,0.112398706117,0.402506524381,0.334549831056,0.228116552782,2.07464816823,0.215915024552,0.62377186218,1.36812700652,0.310432119802,0.795333584275,0.541824060279,0.658116211393,,1.8381391386,0.668923521916,1.09484374176,0.459186149274,,,1.10306789159,0.118574063506,0.137881986668,1.93345775065,0.730047450632,0.258290939311,1.18720546205,0.813100777885,0.515410620975,0.711326723856,,0.633633486497,1.67347353922,0.755767888434,1.89661606075,0.351809109918,0.340482235365,1.64754598154,0.183469495908,0.256166510521,0.693206815974,0.617842470878,1.09343286322,1.93561473712,0.968080496213,0.909742230035,0.501407712858,0.683233792472,0.900129453827,0.814653205175,,0.349223640891,2.08564584668,1.05367588279,1.65076440668,0.440506741448,0.97925079193,0.311267789937,0.97268612029,1.30287110868,2.02878915545,1.90770091402,0.925826871657,0.81997561093,,0.575578954401,1.02674586689,0.497736925975,,1.00137865557,1.44591182122,,0.104042558768,1.22557605884,0.112706978436,0.771311840276,0.115756834982,1.77715852799,0.130239149574,0.802922125535,0.418035846116,1.06793850692,0.886369972594,1.11825494228,1.00248499122,1.01292816516,0.235466875492,0.449340212779,0.280117252303,,,0.486239201509,0.460962761547,0.307106278859,1.97199710868,0.54970778942,,1.35577766524,0.686564398577,1.14107845879,0.904548131483,0.864269181498,0.156811098657,0.389072854126,,2.03664152008,1.99578335507,1.97915038061,0.89346388916,,0.779855389436,0.596100640493,0.408977038906,0.311622936959,0.14828704057,1.09484634425,1.16823024081,0.41451681859,0.78715907089
12,1.60403746454,0.744182785122,0.94593532507,0.548152688162,1.55926041754,0.726394539525,1.12113392397,0.364015196481,0.648630781686,0.841770214336,0.861117063321,0.167487793644,0.408623540195,0.408180249771,1.03476109374,,0.689862516164,0.512162316411,0.999558456324,0.777633239692,0.180391486604,0.266520147265,2.03823555783,0.547438713079,1.65948060392,0.701316049752,,0.333226311227,0.953288164663,1.54235035309,0.689269604452,0.565328350479,1.9887188635,1.99570930802,0.308918927725,0.984417185753,0.567427280672,1.04270119662,1.02127746908,,1.28253483677,0.502745765507,0.822619412836,0.146324808136,,0.607919365321,1.08870863578,0.18715389343,1.01830392393,1.55346571117,0.870545581968,1.40231803019,1.18173951835,,0.761866910782,0.833020323747,0.575121641726,0.201904354101,0.605128832888,0.382043519104,0.91199640673,1.81291077978,0.294013757643,0.973556885069,0.718608537456,0.221737809515,0.582313712146,1.06725622084,1.55541348459,0.423074992596,1.03689487093,0.303599107183,1.06401991979,0.117580525499,1.81886424886,0.283296943324,,,1.81147493123,1.62552764129,0.571459857339,0.678328906138,1.18281705165,2.09052011859,0.931865854134,0.599505792153,0.307652387152,0.481990239029,0.992299402602,0.86509976817,0.862443311721,0.786541581923,0.94356408695,0.668893520881,1.02507920126,0.373025422234,1.55428234246,1.61503879862,1.66080756316,0.836201950212,1.11953710321,1.70998569281,,1.01904031504,0.320623140669,0.92950850541,0.679100685125,0.793855724225,0.461628950355,0.978049396611,0.380986249384,0.576668351676,0.854440745054,1.70132383212,0.678862667982,1.72989479557,,0.432079432721,0.78856934611,0.364609529442,0.450931597167,0.89232071727,1.57542645823,0.580385123595,0.639827273807,0.330476310044,0.110002450616,0.154640117387,0.233372251898,1.14599813316
13,0.121965813957,0.196539273576,0.976057140363,1.25148515805,0.794672834409,1.44471612984,0.276992766429,,0.941991705581,,0.917206932755,2.07528811466,0.964993539425,1.39237990924,0.676910899316,0.654042221878,0.187063246602,2.05358693538,1.67590681642,1.04502773938,0.921360451427,0.838688262414,0.319691162837,1.65153598289,,0.652041360666,0.30896037368,1.74434391418,0.219164179352,0.908335423331,,0.404339455456,,1.03064140531,1.08837371734,0.960369873396,1.68452150697,0.697578743492,1.67182956089,0.247039019604,0.96080834668,1.59966008074,0.92206645267,0.743258009707,1.26329989533,0.701288935733,1.08735759402,0.346437913645,0.875719517713,0.588893631132,0.965711661963,0.607459224415,0.498254882811,0.431824292903,0.693250129522,1.00623689768,0.371284517794,0.481536183712,2.07545735859,1.16476797766,0.130466119476,0.203139133196,0.254646070045,,1.83036626479,0.500781314497,1.30370178712,1.27087872696,0.50418247162,,0.157230505493,0.40284044195,0.48119579114,2.08934708601,0.769213234703,0.290663919848,0.976205207123,0.508503850624,0.939920310455,0.691455169045,0.581201139359,0.737977183679,0.44226563603,,1.03902754684,0.584258467561,,0.812355092483,0.51586771468,1.87754523679,,0.419483667728,1.88873803122,0.810214961533,0.225611381699,1.87292249904,0.334778278026,0.735501377477,0.265186751478,1.25697377688,1.03499925143,0.675610454184,1.72768851942,1.01778740164,0.108777448321,0.683157914069,0.108986861519,1.30092124651,0.776744974724,0.826372188047,0.673394282928,0.204693027201,,0.427833554809,1.85479173101,0.965134192262,0.802883886476,0.42413993451,0.986675665076,1.77445242161,0.171588780762,0.701311050652,0.807018167111,0.390481666092,0.885228713085,0.14438239799,0.526212963611,0.532920529031,1.07798831465,0.955691088989
14,1.30877783023,0.613545861768,0.554022301462,0.384280021621,1.50723249942,0.884391492994,,0.732043343654,0.943333948946,0.141498509001,0.5891879889,0.347686357283,0.5184539198,0.140440804955,1.05243060317,0.907146693045,0.107266085046,0.666389655134,1.03028745038,0.808169246538,0.1028849216,0.965391482597,1.58834355025,0.593001313931,1.55613838994,0.788932598612,0.960120617755,1.02736566098,0.220597108877,1.45126179343,0.806741622054,0.270684918624,1.94963495969,1.97138791072,0.551379844082,0.436693004273,0.117116116235,0.628270155324,0.275240871043,1.54648534715,1.86655228156,1.08219732751,0.511716643784,0.745496571646,0.714335640107,0.580962585186,0.441994708328,0.418274002541,0.488359771159,1.33286496678,0.255123460405,1.48610573025,1.80651391559,2.05709489731,0.921074796717,0.534486484282,0.825606053839,0.876187530379,0.501227585683,0.690614994229,1.03834895513,,0.237129208716,0.579407048819,0.740022183558,0.110188178948,0.135585775083,,1.29556492631,0.873048435093,1.02656134324,0.545742368708,0.241013662122,1.05298086422,1.86908649694,,0.147292146988,0.259354207741,1.15590810372,1.82509444058,0.731493357109,0.866670953545,1.72651132853,1.1485054316,0.338553586114,0.491164539401,0.128038131383,0.822201113319,0.840251809176,0.246980523413,0.846316248852,0.962521538231,0.849939526307,0.547814935162,,0.384130064073,1.42445272638,1.11897029308,1.42018217187,,1.93698626729,1.98046200326,0.641715991206,0.336812441892,0.933189266777,,0.55718466131,0.164376362015,0.769300923473,0.31678762821,0.352841751213,0.197682321646,0.209921337974,1.87239650689,0.509480298297,1.65992139296,0.230455692618,0.331306596626,1.0596471676,0.715478803285,0.77918745834,0.363461618006,2.06799205345,0.644401163324,0.256099650258,0.150650333302,0.127668401758,0.270161141526,0.521513328962,1.93351693253
15,,,1.85873988857,0.855206127813,0.637430079922,0.151513898621,0.12385447165,,0.732101851023,,0.957000289233,0.2913538612,2.09941517915,,1.59404471379,1.61924422274,0.682539021948,,1.01923240061,0.310791455183,,1.87138500691,0.778081787247,0.657890947433,0.551347442683,0.789465130076,1.18240304312,0.264192341009,2.08629008438,0.132724903933,0.378159602981,0.292046030502,0.866224397879,1.04867361921,0.30608498367,1.53409638696,0.655941851154,0.796298536904,0.695870587396,0.201124088612,0.766211303502,0.566095550359,1.7990785108,0.793369156647,1.08933386769,0.149721912135,1.50817723215,1.82051423141,0.672618748161,0.174176124077,2.07100926964,1.06685705541,0.381310264602,0.90591631401,0.125565495287,0.508368490606,0.991607172016,1.30463781292,,0.336247657892,1.63310991718,0.394553878124,,0.839784641249,0.641193184122,0.818526631805,,0.785299434204,0.168502375117,0.885304615439,0.627650245151,0.948383953196,,0.475379029756,0.663983614978,0.863760835303,1.97725943616,1.30439949817,0.957762368903,0.625442469703,1.9230675487,0.855385261159,0.719358353045,0.170964222267,,1.84352564844,0.327650560704,1.83271247506,0.947794380827,0.310856656633,0.697702161635,,0.989956308469,1.28533403449,0.652842213884,0.553897186526,1.02963009154,0.699336407808,1.00622684591,,0.400061585923,0.416863883233,,0.302821513585,0.422312406538,1.01021988443,1.44416440429,0.764038579618,0.425972529567,0.115568745012,0.624152744289,1.82199410797,1.89614484371,0.457860700169,0.265852836938,0.939616983764,0.952961071116,0.802188103741,0.689383799089,0.903092700255,0.362972955932,,,0.686142898638,1.08900863733,1.53245547279,1.1874812181,0.670184968951,,0.931129054338
16,0.623497634352,0.930084465716,0.604656213202,1.6839720385,0.226976815506,1.62810772741,0.982603737293,1.51219828813,0.359011190846,1.86820962089,0.88567278393,1.41608382461,1.09365088985,1.19102944082,0.160833837718,,,,1.12778784298,0.337014829292,0.614699039813,0.907529156967,1.00350351524,1.36136829376,1.03869082879,,,1.98842737141,0.429205369591,0.321172545811,1.97144303928,0.483512256045,0.475476201795,0.33301905613,0.502367281291,0.784302848782,1.44540199825,0.439025367731,1.80362479259,0.805431611972,0.868745428957,1.83444165688,0.627033312449,0.993992802464,1.1876096307,0.922805491146,0.60080868774,0.856422296435,0.483293064871,0.679152865196,0.655052702076,0.707517390475,0.713006523599,0.855150667421,0.614690647052,,0.568950655877,0.177509272596,1.18407919172,2.08100099827,0.208179934749,0.538638507771,0.585203305372,0.106969396824,1.72331571147,0.192353989739,1.2957154812,1.54453500019,,1.88072999393,0.481851372654,,0.841331212368,1.28114672301,0.948463207964,0.406532577837,0.843945047004,0.28520834659,0.251384037572,1.08385784389,,0.584296378908,0.889228132508,0.255131791117,,0.242780054271,0.741809738443,0.864217228745,0.815591373656,2.0941305197,,0.378734073245,1.65508726866,,1.05634784007,,0.19507305821,0.642940571926,0.90882103025,1.28648861867,,1.00023115026,2.01347865564,0.923989218534,,0.176887742326,0.518806405415,1.53071306543,0.774598422395,0.287068972015,0.948128143905,0.212589159914,0.147914034616,,1.91351953967,0.832333903162,1.02998501526,0.3227135219,0.561718507048,2.08259620579,,0.459053939084,0.944806400446,1.0970083395,1.00874517181,0.807031103846,,,0.942878669341,0.693024186797
17,,0.310347408481,0.862923145716,0.230720670975,0.79849351396,0.503064604307,0.657491775182,0.621258605479,1.69644259044,,,0.432638119797,0.186224527935,0.645693706472,0.476527721083,0.937033252748,1.17203098502,1.02887331984,,1.262623357,0.743949790446,0.810478877344,0.837894362569,0.577972130354,0.152546989907,1.55817941227,0.286261689234,,0.515804038859,0.150565699868,0.94837597829,1.10716610901,0.698150267501,0.293312321788,1.69672940874,0.959472156086,0.274334558322,1.43103321273,0.5115416661,0.200721470255,0.290366057319,0.173208030056,0.834255089099,1.71740560081,0.752091672429,1.13683275931,0.493025626178,0.905482550041,1.85629918198,0.817567590168,0.785814683874,0.977496770179,1.08889231042,0.586607703397,1.43902481995,0.515155626365,,0.345946791727,0.850482594318,0.667679765163,0.743766975842,0.250623188082,0.648083733828,1.80124235714,0.554849272237,1.21814414174,0.63728815043,0.131345501024,1.07349635949,1.0091485654,1.88321253191,1.96311916036,1.27387462644,,1.01684767367,1.18660299609,,0.491722024075,0.684962746138,0.688347343552,0.527377841556,1.29734411256,0.124595672279,0.503205119953,1.37253224543,,0.600863123607,0.520946659928,1.16063521685,0.710027564212,0.241219652319,0.309201400147,0.389211797174,0.67465054991,1.84763461428,0.845534971892,0.371661327238,0.600239761162,0.118910938545,0.174499276355,1.07946328817,0.409835575738,0.757408400777,0.884451977952,0.221982561219,1.3070962678,0.577147659966,0.347621120868,1.22585438119,0.988892711211,1.14373971577,0.939133738998,0.449603269804,,0.706546906978,0.255530030257,1.10584257793,1.79086309819,1.28371287605,,2.08249556761,0.450853684303,0.351983968577,0.92957733571,1.03355331249,0.575165364638,0.22826970767,2.06221820773,0.997020297754,0.464989963763
18,0.419136297565,0.797935388435,,1.30819297389,0.212845485646,1.50435856361,0.928740298669,1.6697328731,1.09973011408,1.64201527491,,1.59386030296,0.702106690869,2.00936511531,0.672549202009,0.45767639786,0.128206000012,1.71866440735,1.1601071732,0.833386666586,0.565214785486,1.0308229664,0.410251374356,1.5296097137,0.474382550481,0.760969661687,0.864362211506,1.9588841807,0.842983783558,0.791266258293,1.48384232387,0.568145883025,0.292558246986,0.442217893201,0.39891416805,0.315546950625,1.14937450375,0.623333530727,1.93526958369,0.366777698654,0.146979048736,1.26259084914,0.221065241108,0.195316811272,1.16541805924,0.390572324412,0.934184245623,0.226454878455,0.872255623806,1.04116452343,,0.825242294399,0.185391567575,0.280567938229,0.891448042205,0.477352225089,0.536839840095,0.727873257872,1.9004619927,1.90795542165,0.244328108242,0.799781428606,0.189490557181,0.771278753369,1.37411967748,0.721102590879,1.92563512079,,0.955153190634,2.0806725904,,0.851636323886,0.426565378618,1.89331864971,1.05833361166,0.494503396885,0.584566732689,0.258655147115,0.955289753222,0.352149230502,0.568571607375,0.766147073542,,0.676734455982,0.307073739961,0.188710053911,0.96284409173,0.834102715209,0.410520577357,1.16409150793,0.733426769466,0.225200443012,,1.01929610661,,1.16829582313,0.184978852236,0.749097928752,,1.66047228506,0.686200073072,0.588221607785,2.0271993511,0.848928088906,0.22955690113,,0.263676852726,1.17740571093,,0.468127380214,0.652881724768,0.813015106237,1.07454668658,0.242924001775,1.87130014775,0.549707291405,0.9482720612,0.149713457512,0.234083523389,1.1410700775,1.00470994029,1.00836052733,0.253823638088,0.560625898546,0.875758414655,0.542034165117,0.535333775827,0.174430249077,0.243104532948,
19,0.900167314364,0.424141429303,0.267881517191,1.96896923916,0.103739138917,1.81564777011,0.845082498296,1.49398638737,0.644777024131,1.67981279459,0.539745610819,1.1636499465,1.09877277713,2.07217543477,0.704897009014,0.860458731695,0.567685889481,1.18573628856,1.3451975717,0.894389519793,0.735085123227,0.215970525784,0.945656318249,2.05584341899,0.214395155739,0.430179162832,0.303439710434,2.02605711387,,0.368351127854,2.01050646249,0.649325927513,0.376793950492,0.495049618831,0.298855997062,0.300403601723,,0.529140423897,2.03585249189,0.845845848993,0.117820646744,1.75051095961,0.312857047902,0.780492460588,1.92520537003,0.72527806884,0.323920298864,,1.03854469771,0.201236817033,0.258486105575,,0.805780161908,1.01480395144,0.47625432756,0.969438850603,0.30665255482,0.790771307747,1.52459415211,1.89350622336,0.289495520389,0.105545927983,0.589891001783,0.626777149249,1.88619545768,,1.66245951172,,0.372049645879,1.21008207038,0.436520019741,0.502983401879,0.997101603221,1.7944925423,0.209562230165,0.656149576374,0.94822536392,0.170693883549,0.959199689693,1.06734822524,1.07014135135,0.962839966071,0.340279834986,0.693209968535,0.462747501108,0.255731395878,1.06836786517,0.387185239228,0.142022805779,1.20984456914,1.07753066693,0.325018021059,1.81080647597,,0.643588529189,1.84734499102,0.913864576813,0.825148768835,0.82719664284,1.63743340274,0.564048422207,,1.35805158107,0.923978845976,0.234421838681,0.535112863326,0.620568749366,1.97735658906,0.731117712147,0.663050577771,1.00537679334,0.385264211512,,,1.2798456777,,0.906527503628,0.9452538697,0.450079940477,1.66655040554,0.363306221492,0.584284374724,0.859076396626,0.346371878617,0.653005246549,0.58310450288,,0.47402587384,,
20,0.997668385525,1.73165194394,2.06305266953,0.703383028999,0.985630602153,,0.595741423523,0.935575344497,0.344972347303,0.814463250707,0.751943051163,0.615303273842,1.22651816595,0.373469599389,1.4731906008,1.72007230114,0.324758833968,,0.573527882887,,1.55887950116,2.08638553036,0.833686090387,0.397549722887,0.178314937492,0.44030480004,1.13945140643,,1.80602174195,0.343073453561,0.421842889121,0.498041613962,0.29957815672,0.846037571347,0.547141796119,2.02405491314,0.795044777644,0.995023391132,0.786565753034,0.448856292069,0.736897276752,,1.6648033709,0.105579303862,,0.300712704899,1.6059567256,1.56585839732,0.474992655048,0.948482979348,1.58819695851,0.715464654274,0.345069596287,0.629759822611,0.540016617539,0.748948029387,0.890091593725,1.57011302175,0.465695373295,0.705260020116,1.82408301016,0.776210841037,0.126589203323,0.30858400737,0.891263912758,0.174146145581,0.272848616246,0.252703542051,0.124969684299,,0.288471195722,0.227181972399,0.842713518067,0.651919854581,0.329632405191,0.916719100481,1.56500458812,1.84187660024,0.955037896136,0.795150281451,1.31100039178,0.773509811906,0.810451573749,0.7597097123,0.681380346332,,0.170720746186,1.94040259862,1.02807799391,,0.739565119976,1.3533265885,1.06630812288,1.2372963852,1.02017592234,0.835388977279,0.396123777991,0.910811565076,,0.560000288818,0.574433500195,0.543161082447,1.01252499999,0.553253252993,,,1.1515476484,0.880527836155,0.900932849455,0.56305160292,0.545103578645,1.12273368328,1.23206934863,0.417202257328,0.23033305387,0.402999730645,0.20923371123,0.293166678402,0.75872178548,1.05178448243,0.70685176529,1.24196144151,0.55115345297,,0.782964662105,2.09907051724,1.49173526416,0.27559769225,1.58224548416,0.887052720245
21,2.01789452865,0.614350790198,0.145352371696,0.165694825533,1.93263561222,0.259944964315,1.16225751285,0.789498468724,0.903732769424,0.516062697449,0.491325364335,0.147493204217,0.740371639222,0.193766847193,0.931372961847,0.950017670287,0.162550027278,0.363672107229,,0.684016673244,0.854763431529,0.601751153939,1.9477951415,0.774093671721,1.84294806187,,0.941009404537,0.681100002499,0.19206921041,1.96438578643,0.332083542986,,1.74089577813,1.43236790857,,0.567867897814,0.534066573143,0.138803674443,0.222131969169,2.03248103593,1.78584608443,,,0.214600013182,0.700227915602,0.893374610962,0.810552752955,0.116437671456,0.126150691493,1.97701611479,1.04617289759,1.97136615618,1.74185230069,1.85764133652,0.350568364446,0.308830355488,0.834482358999,0.601201997168,0.193296885255,0.948092152209,1.04091466271,,0.307128419652,1.09837316975,0.96557042963,0.899782518735,0.903204495298,0.523741421426,1.84376610011,,0.189517211283,0.72562514562,1.02342246101,0.712496691063,1.30528462898,0.264974658377,0.168878119797,0.85314666181,1.99446971695,1.62379639918,0.468533215183,0.571824001902,1.41443251746,1.13906056129,0.712695592812,0.186482368128,0.345101636609,0.867745895548,0.710160867462,0.278067376525,,0.429317448998,,0.443660221748,0.997448590463,0.207203673012,1.75231115971,1.6271649109,1.38867695722,,1.85867885508,2.09467423799,0.423089316898,0.313167667482,0.673446154938,0.209722285798,0.246255114913,1.03824469715,0.730841508301,1.01084731062,,0.590789191938,0.294246423427,1.75988057349,0.383111649776,1.87542373679,0.740048004492,0.872540708107,0.234546777731,0.937079956935,0.69745061547,0.601204474674,1.6458626375,0.662215687175,0.184007417819,0.737220379679,0.660577585612,,,1.55968611473
22,0.655588390635,1.56768699282,2.04401953424,0.376308815579,0.458873893805,1.03871148593,1.0713819607,0.66929291114,0.217304041304,0.72397079587,0.830891838746,0.227869540587,1.28963695234,0.802047450154,1.77727300756,2.01064689632,0.971794948967,0.59687498052,0.880345234218,0.386433593141,1.17183616082,1.91363622137,0.673766816436,0.766370701417,0.789225039291,1.08083087223,1.54707933528,1.02762034813,1.71602116895,0.371166899779,0.578156829046,0.843497540579,0.515416280367,0.858971835743,0.576518212465,1.11454664133,0.35094439561,0.285683858964,0.302796759315,0.867770935007,0.854221152802,0.274736942142,1.19775116331,0.53992386095,0.959728594418,0.139495129051,1.23429460209,1.63048007797,0.400750215181,1.02547008887,,0.833797489147,0.385184068365,0.36729955916,0.566087551644,1.00503335696,0.528687238528,1.10564031085,0.679492020014,0.544125091664,1.63068285176,,0.608846032529,0.412365186007,0.209891685968,0.648622654516,0.357187661139,0.485487234145,0.675503302131,0.360602642249,0.227559699821,0.372374277153,0.371001196234,0.344890437224,0.258203812715,0.319434282666,1.27032521901,1.2134497912,0.578794134139,0.55992207365,2.0364245962,0.868263395437,1.09495049823,0.156448723307,0.484185456992,,0.391630305711,1.3231432937,0.114276318451,0.743859915458,0.478551017157,,1.06545932082,1.763844317,0.709246082785,,0.56942335044,0.90361574798,0.33678039121,0.375825554455,,1.0826886573,0.952921331475,0.679476269383,0.511788856877,0.555100654836,1.77885297073,0.47545389409,0.805978470717,0.506062718492,0.739185918724,1.98825529356,2.01742660415,0.737864003293,0.731752335599,0.775981411093,0.131089368081,1.00215024228,0.690251828997,0.897050552178,0.413303906126,1.31572621246,1.08555875623,0.570534222451,0.217980328317,1.56105687941,1.77587342015,0.964472223438,1.18848382453,0.334133110487
23,0.32433883864,0.441773102965,0.307605413255,1.8401313266,0.526008116413,,0.502051761571,1.85361200484,0.698390158203,1.3277566225,0.338211364849,1.78072898025,0.685539986474,,0.294619668859,0.713035892459,0.782708536491,,1.22567603625,1.03773932063,0.505365692275,0.683979821414,0.96089297979,1.5475403994,0.991601411115,0.403008740823,0.367453120995,1.89214591387,0.553134320392,0.693148799469,1.53209714239,0.332844167331,0.879220706083,0.561801559809,0.303443518439,0.217244978472,1.87039067029,0.310167579999,1.57147052701,0.607304689694,0.553276501105,1.383632226,0.93953849251,1.01863942996,,0.583225273925,0.777818566722,0.541835946492,,1.0037666442,0.183956202136,0.899402492163,0.951274001739,0.1417395383,0.906268010511,0.495575149017,,0.811544773225,1.87922868836,1.87056295552,0.528279944872,0.118837495361,0.884430974,0.310608784371,1.68121042559,0.785095358062,1.58418009127,2.09301040276,0.33436540977,,1.05387575639,0.502130903781,0.144081118612,1.68404864828,0.416476403282,0.757158681627,0.825216230341,0.507848090128,0.458462330606,0.518512736759,0.285834964317,0.56271845157,0.668206077441,0.649776756775,0.964957147613,0.661557023724,0.60930468649,0.570695820184,0.888154152683,1.82923417917,0.870092817894,0.204360616631,1.35367771939,0.212791026758,0.311834454258,1.45834081718,,0.95044072856,0.385760812411,1.37621991768,0.986031594014,,1.48229272987,0.741390651269,0.137977689362,0.749431108008,0.76446630725,2.0475168681,0.1735409919,0.852923477838,0.707576310957,1.00237468138,0.866604713627,0.389011215831,1.834992214,0.654568925637,0.237918137261,0.170154594724,0.54880400092,1.83780136351,0.631454203746,1.0730587881,0.227608420014,0.598553983445,,,0.198267622919,0.2016870212,0.767006586912,0.979578166404
24,0.36551922394,1.2493958433,1.13354434075,0.910425620336,0.179178385637,0.369966438003,0.172444032479,0.710426501253,0.790524143373,,0.265272581172,0.695452291411,1.86944665917,0.715272243198,,1.31830474811,0.949377990973,0.895064457242,0.945845226859,0.72194176179,1.93422622087,,0.652033958615,0.240113565359,0.996408841356,1.05851912075,1.28458119505,1.00748800708,2.02145753849,0.283671760543,0.880764833797,0.618999639548,1.07850593783,0.477119193971,0.800706002601,1.61292099093,0.627547089542,0.345189440916,1.04097581536,0.797732963741,0.645929318992,0.651038870012,1.47365572816,0.609160269856,0.423907628507,0.683893418581,,,1.03450042849,0.30205112502,1.68635828515,0.33087882137,1.02763129079,0.749325453745,0.714151816188,0.722880154786,,1.81392199363,,0.750583961268,1.83974474015,0.884181684349,0.17480284635,0.432566014723,0.212647332457,0.698539147894,0.734869466905,0.563456414826,,0.969191025328,1.07335552092,0.966903926959,0.938792990982,0.761476454219,0.768466706685,0.122434385442,1.10592820771,1.69242038296,0.260681831488,0.541517764195,1.79497810885,0.502563446986,,0.343275604463,0.616517084419,1.93138269702,0.860404839902,,0.636385172235,0.913467952437,0.523857956824,1.4410829956,0.114810559033,1.87614738216,0.449923219726,0.85607903487,0.195380434354,0.790477381043,0.429536903641,0.886812865895,0.64057303488,0.120588558006,0.456018882681,0.777336802127,0.828297007061,0.170151701024,1.871041867,0.978995303488,0.121825661592,0.667915213085,,2.03649002157,,0.402706718268,1.06469787027,0.655171365575,0.879945765588,0.779128205364,0.23704691793,1.03352228218,0.200781113388,1.93700752817,0.594194217851,0.695541375803,0.626352897399,1.20768799425,2.07290747951,0.875890177552,1.31226827387,0.236363415461
25,0.363369566993,0.371763629452,0.333278953433,0.671458189398,0.888550651706,0.214646534527,0.172247574321,1.02109059338,1.41918252196,0.396931173324,1.87966001483,0.212291951563,0.191904746724,1.05887093002,0.628708931036,0.349458693552,1.67439259559,,0.536274528219,,0.439560924978,0.893266027486,0.487033359845,0.838423649495,0.493848708373,1.87904606957,0.205464261432,0.269461547847,0.653184280451,,0.982770317442,1.13170756694,0.396526996692,0.261089566434,,0.240992004871,0.986422887728,1.86630432732,0.891931612226,0.965820693683,0.599489835535,0.365942747016,1.02929304987,1.25957309948,0.458936060981,,0.502842940311,0.796159864487,1.68969335854,1.0687290312,0.894455838503,,0.649748151951,0.382706311153,1.85627012262,0.249094721646,0.409587600574,,0.970222632718,0.559076861249,0.183887735932,0.787975432557,0.807656636435,1.41653567344,0.864262640375,1.64563798789,0.141072260386,0.90581161197,,0.393948278809,,2.05061011911,1.12098803584,0.806119581343,0.555217260135,1.24456853963,0.356442090487,0.697765220118,1.03179653349,0.65181243033,0.128665153608,,0.54604615339,0.994168479469,1.58264918667,0.569267701961,0.194956141495,,1.92841819967,0.584191278698,0.964474521353,,0.196195096763,0.974308727782,1.95445946039,0.942777199494,0.99754880019,0.369783868301,0.322425440609,,0.501862136876,0.579177730021,0.441107318498,,0.168687830205,1.98891411662,0.520912133037,0.91343346642,1.57955426669,0.741536041313,1.39741716423,0.654091415259,0.732646993194,1.03902126716,0.985878542509,0.148669937352,1.27777763051,1.46257914135,1.46501827239,1.09867211643,1.57660856476,0.947580713439,0.482487761513,0.751632468389,1.04664442809,0.895745109177,0.376805256368,1.53253933741,0.286181913825,0.572016995696
26,0.205286235319,0.124471286636,0.196535174348,0.700418517667,0.852925796771,0.328118084535,0.332944879589,,0.385606482825,0.757877544668,0.689167141599,0.244558906323,0.148858242666,0.78429068511,0.612938814941,0.620112508246,0.175737448889,0.815923098419,0.628706279586,0.759117555451,0.612599608286,0.194462028528,0.348898933912,0.472595886242,0.570981789049,0.796355606279,0.710565206493,0.976255623617,0.871670536443,,1.00946699775,0.239588252457,0.614950368563,,0.590743062263,0.511355079045,0.196051135234,0.23021368407,1.0489044013,0.985756205653,,0.377908521615,0.79645456446,0.421746994775,0.756944292601,0.716115178802,0.383020270109,,1.02819077986,0.296833730646,0.420195830262,0.825433671277,0.841283392089,0.860448379989,0.698296070054,1.04644606492,0.659243651077,0.164809752363,0.426797676808,0.258599568853,0.820617234216,0.506421403534,0.944661840173,1.00591052991,0.546574596812,,0.528489113377,0.954743683552,0.842609650214,0.699351337462,1.03900119865,0.394704449537,0.931680714057,0.869662241841,0.60072766558,0.247841341985,0.708056994257,1.03887628069,,0.791247137859,1.08941562637,0.834445360165,0.413410046523,0.439871506598,,0.421513986781,0.499523656534,0.696847122165,1.03322523437,0.33330346649,0.16550444471,1.03425534373,,1.06286927484,0.200915216347,0.945891671832,0.13625204731,0.681703251517,0.227542203,0.680983992851,0.644951894592,0.954371180856,0.49579289073,0.596980048755,0.26632820555,1.0135808491,0.47239695684,0.546593701299,0.462343593208,0.925102847438,0.948538910575,0.39314421487,0.89838541245,0.816174833276,1.01961324139,0.937094019441,0.295985280018,0.803178556309,0.163629094821,0.524513858063,0.603628993142,0.767340105717,1.07994412011,1.01157580029,,1.0945899444,0.800602987186,0.150429128505,0.130000413883,0.56126436838
27,0.168196029576,0.112363752298,0.112713258944,0.170682107912,0.318098845393,0.277897805346,0.846650363788,0.804979098091,1.97191398146,0.252279551138,1.17340390267,0.380580776516,0.587855384563,0.36852370605,0.400316858998,0.441699851336,1.85063290286,1.00619250405,1.01002034816,1.95194867956,0.855261140086,0.429510506579,0.987674967698,1.0428347553,0.80788038792,1.70357562297,0.113107646074,0.784884323458,,0.632223934407,0.146767093127,1.65840833677,0.800956281078,1.0652350645,1.76065389067,,1.01294617251,1.97840960976,0.412720561351,,0.287233401089,0.423327991593,0.311562198697,2.01661974913,0.117656317889,1.29176280496,0.803724164745,0.111544857039,1.59304597617,0.646263975525,,1.07001327108,0.730487547096,0.410998499548,1.62503282697,0.661751430647,0.800221256102,0.190454476223,0.434866358645,0.113529467512,0.484771080638,0.800909437678,0.692627467711,1.86551461165,0.709543751095,2.03420209535,,0.899573665538,0.40020340161,,1.84609005045,1.17660820495,1.14099929533,0.256237702292,0.674834831082,1.80712180056,0.758142552525,0.600492545411,0.648027659437,0.137704726478,0.830528991439,1.43159846357,,,,0.961666501725,0.851459089846,0.806286734455,1.17912187721,0.143587657296,0.807236718975,0.72115997721,0.831940344479,0.562342045637,1.85964605166,,0.14020977691,0.813087104868,1.02581906641,0.811307194586,0.15170866469,0.397238004561,0.24361293763,0.24084885766,0.922731250304,1.28825575339,1.00651409703,0.835210859391,2.08514030959,1.06865528125,1.4778400282,0.668384758831,0.580472020074,0.861629838699,0.480207660249,0.147391836486,1.19028034702,1.25379450315,,0.999804278955,1.82586113957,0.857941038679,0.118897557597,,0.663727455154,0.33480125449,0.4897133591,1.19180694,0.946088163668,0.289500662498
28,0.227646351321,1.21011073491,1.72586895049,0.78672417734,1.07387278611,0.675203017728,1.00312723651,0.920283392232,0.435187986951,0.98443367557,0.347058996737,1.0371437545,1.32969335699,0.665202603068,1.97753840815,,0.109208495681,0.433240425016,0.554661333205,0.978252525091,1.38286595112,1.52294864333,0.823368200533,0.405716421026,1.09796576441,0.256225891888,1.11505404846,1.0684146464,1.22164889575,0.455436305077,0.266446241548,0.186441501179,1.00720272103,0.421908011862,0.185676960724,1.61534031473,0.144743962794,0.135854484006,0.674844137294,0.804586657671,0.990615453414,0.711977894802,1.24854382894,0.805790215148,0.694259171634,0.196830076793,1.32774999965,1.23694257498,0.988305665076,0.908366435555,1.31863366547,0.995422340498,0.137601414242,0.888903659125,,0.885678570602,0.46730300549,1.29742900467,1.0233700741,0.321034653143,,1.09773534534,0.212316529525,,0.508684089804,0.665907907137,,0.462633629178,0.393576253101,0.902448963076,0.320658091912,0.757092884449,0.708601968197,0.498255145978,0.830886728909,0.736309424309,1.95950099658,1.59624804906,0.945742760143,0.640437811159,2.08728451173,0.118043724857,0.39398316792,0.120626386984,0.737166194735,1.23436872452,0.824847863413,1.1215920545,0.499749742344,0.754501720051,0.872690855145,,0.449681749183,1.89410899858,0.910132845923,,0.317718686198,0.679306418646,0.895799213,,1.01069749082,0.878711074458,0.411163601537,0.269906262115,0.904740998942,0.333893661049,1.3971659991,,0.377032648482,,0.211420888261,1.23488676593,1.46204173178,0.163836507548,0.713962764218,0.463435434711,0.203657991555,0.664706137656,0.476118340605,0.203829096676,0.817828339481,1.13720942706,0.556308097072,0.114409221768,0.594799161454,1.93053679467,1.63742413576,0.593313842189,,0.723529399218
29,0.681536802402,0.311223320919,0.348228873051,0.484278182425,0.616665710485,0.510543030825,0.399325727829,0.496000123028,1.26834546639,0.565479952739,,1.07677232917,0.62568111552,0.608456317034,0.286085108044,0.847954032466,1.20801299399,,0.552786199763,1.23647615617,0.198998837075,0.86909914101,0.223098334158,,0.488241808237,1.36689628811,,1.03470354675,,0.314776626642,1.04566576167,,,0.999208457062,1.84657991364,0.902510364881,0.855183296762,1.92472838077,0.386347798899,0.303088812798,0.345498176602,0.16477522295,0.472416594591,1.34515408,0.985656553249,1.91074375175,0.200032716145,0.588422860941,1.8428452247,0.579515236534,0.608604896876,,,0.25469202845,1.7469641265,0.424957652354,0.757115373034,0.657005616549,0.360672530198,0.486489166874,0.337743705003,0.660230868962,0.79240983976,,1.04483620967,1.65766362375,0.13769122809,0.986219312372,0.393857013536,0.352268891028,1.95963205139,2.04030884918,2.02099201823,0.339926645569,0.838949012455,1.18569713011,,1.01237537506,0.534250347787,0.822289231342,0.264794688539,1.60980774668,0.41522646046,0.273449290357,1.91441796935,0.646724046786,0.361750416035,1.06001553233,1.40212105205,1.02742360129,0.164170666373,0.231613788178,0.876455662533,0.146629312942,,0.446163551552,0.379117359527,0.417009744098,0.766099223678,0.887903102639,0.45154602399,0.902061618767,0.637481222352,0.936097024768,0.999569511911,1.89431556816,0.719042999273,0.757596374083,2.01670881971,,1.87741007893,0.806107566397,0.224140360132,0.549239928116,0.146986699151,0.207150866738,1.26937170008,1.79589309298,1.21185075911,0.750908822583,1.46484009016,0.560591002419,0.448863653931,0.579219963099,0.812073864209,0.935665316036,,,0.425520147927,0.818577788789
30,0.320766494985,1.26601158187,,0.533563109881,0.444794098969,0.196617393746,0.992035978101,0.834729793455,0.231610338495,0.933028180043,0.414863893169,0.795751226483,2.01125968715,1.03923473339,2.05385739422,1.46432893167,0.41616111092,1.05975875972,0.147678121901,0.781227366642,1.88549464203,1.70967050408,,1.06958987901,0.536600454966,0.709783159558,1.70726929123,0.814339428795,1.72270867601,,,1.0323732759,0.390143569079,0.572289922603,0.456513346619,1.96094098595,1.05255780971,,,0.293722326907,0.185751912275,0.505440619311,1.35270332766,0.615541907315,0.772951950415,0.849522909111,,1.95216351683,0.378471778957,,1.64659811421,0.331741351043,0.802170012601,0.422462975664,,0.4356834884,0.637161970951,1.32911631259,1.08862009433,0.518803915189,1.74265925901,0.631948897276,,0.692567847188,0.435292262161,,,1.00930756359,0.339669829036,0.947101425096,,0.170649431444,0.18857422109,0.800947258125,0.463413539845,0.651373577827,1.61681617773,1.82355088222,0.135115461613,0.66224096907,1.32028355902,,,0.373988650579,,1.36238166242,0.658749417514,1.26722927469,0.314044032369,0.496833842336,0.91302375704,2.06503623652,0.845749379749,1.43806752613,0.545172433859,0.625019668759,1.09368498411,0.904640479693,0.408698352061,0.997759577729,0.160522441242,0.206444547512,,0.718610639145,0.690168194395,0.480912285429,1.84618483249,0.727257267976,0.463472229551,1.0575007274,0.748268400559,1.98875212823,1.22211066965,0.339396740478,0.900587115212,0.947946108282,0.705391855438,0.736733918915,0.626017607921,0.302717272081,1.08451052617,1.24666710777,0.122652862261,0.588543684961,,1.54940505828,1.11020863334,0.886031835783,,0.360179463267
31,1.03549987135,0.934394415066,0.875483118514,1.28693973533,,1.4035326804,0.939002084012,1.1030560445,0.294153487635,1.3483765847,0.685992200244,1.77139003626,0.325640326541,1.4446280639,0.346532915055,0.810686802048,0.537756283179,,1.6725196081,0.235686539094,0.300480991299,0.856072550854,1.05081392303,,0.197536461656,0.784483983623,0.684501365106,2.02709973205,0.999360281865,1.07707599368,1.37783813081,0.320049133105,0.853471271983,0.550354891376,0.69228300865,,1.33436929053,,,1.02122164656,0.5643399574,2.04715968144,0.821165423331,0.916786958048,1.5926612423,1.02666295024,0.375785516697,0.118167037114,0.452340769898,0.891185815505,0.605417348731,0.933744148885,0.422981208927,0.220500189129,0.817683209523,0.244143747217,0.735368922932,,,1.52641526636,1.05441717057,0.702765919156,,0.908314959746,1.49035739657,0.651470160754,,,0.257236860527,1.17066601249,0.98224810826,0.431428447403,0.329249130163,1.37648581634,0.956593946504,0.7251713262,,,0.193952635326,0.743944714811,0.317391327921,0.773951069752,0.577714673386,0.291436884631,0.854434147663,1.02180702641,0.935578692102,0.846431780415,,1.92218784643,0.464359599165,1.00553506156,1.18818869761,0.193804138692,,1.32405169013,0.716834981983,0.776778433683,0.628912186485,1.40988034494,1.03666552702,0.488218442941,1.99864131694,0.61677660308,0.352280045611,,0.283591760125,1.32260968843,0.394452489207,0.502321585421,,0.173752208647,0.241392680541,0.482332141699,1.33545681476,0.155179083966,0.477332113646,0.103750832985,0.15188007907,1.7605238981,1.05017315294,0.589917870972,0.965296929806,0.801503903583,0.590359649454,1.0559401558,0.878706078892,0.236190037612,0.885404015228,0.395176654211
32,0.208170237237,0.786921614775,0.271755454731,0.471540264426,0.661978035933,0.126966387128,0.163285879225,0.331201023153,0.210482299964,0.568563945348,0.232536489889,0.461644558608,0.951207233354,,0.56510833087,0.411890548955,0.961129543283,0.597806944829,0.548598758666,0.557184308252,0.726702403983,1.06148788278,0.773987386106,,0.476901568153,0.183372731524,0.552381961463,0.90997552705,0.726191210619,1.08977847292,0.334320429157,1.07488935805,0.281446226875,0.812279697261,0.131799153903,0.898667168078,0.443986336302,0.502685700636,0.67714653446,0.4853008208,0.871748346904,0.986339729309,0.643188179355,0.307953264582,1.05165860975,1.00633458318,0.34810765099,0.818744066888,,0.450187899369,0.19881419839,0.917746457046,0.518972825433,0.239644885853,0.910179298292,0.378393391794,1.05223109383,0.314143059369,0.277831185414,1.07218401015,0.821880648844,0.874394862846,,0.921698368787,0.549634703185,0.776931663474,0.813960693489,,0.873452397694,1.07338913995,0.883167145414,,0.734112619385,0.625729338517,0.576232168553,,0.656063762135,0.92373332434,1.06596104331,0.649563015485,0.577543176096,1.08351900004,0.370162666939,0.323930386484,0.963839737187,0.408467960705,0.542541589926,1.09160274799,0.318917122037,0.917849700907,0.583748587932,0.729644345137,0.319874814823,0.815864240558,0.179137019011,0.102621082734,0.979395100889,0.447354452005,0.650320301066,0.977610398143,0.599007409983,0.814027333762,0.926552613586,0.152990023921,0.798351282511,0.985310835936,0.403977516821,,0.950077012812,0.570715265093,0.159853437047,0.506828912955,0.596350928445,0.993241796924,0.834734315928,0.760223111344,0.70871579275,1.04975664257,0.54593287977,0.967961406259,0.504728814671,0.639470594606,,0.905841538751,0.323963356055,0.534888243164,0.564880176087,0.528726679788,0.571378135453,0.826787018479
33,0.817518767667,0.452678808089,0.267842250881,1.6500133174,0.957945870804,1.11906259345,0.623843268753,1.65756083878,0.659438488823,1.34076687684,0.244825348644,1.54657425432,0.924400961198,1.70110447021,1.02348544838,0.199382310994,0.205349511318,1.58847779638,1.56997996232,0.422387022351,0.322450259497,1.09240102728,0.486375700321,1.38033565063,0.148329905437,0.187731991551,1.05096171063,1.68481701359,0.214412659411,0.154912243308,2.01026280563,0.958095929797,0.188276683408,0.464465685065,0.299880748498,1.07493704123,,0.633077992126,1.39236282526,0.309515983059,0.900035236572,1.66192534123,0.408466115453,0.937271071616,1.90392504193,0.614643497436,0.34631185034,0.585328650811,,0.687954023016,0.141297764799,0.867300525846,0.738857347122,0.998162666472,1.03478711155,0.808615848206,0.40617176523,0.120570493866,1.97259244099,1.22880346826,0.359355220896,0.222078432137,1.04114331389,1.057474612,1.37748691243,1.00468443513,1.296582963,1.63694948326,,1.56443859774,0.995088288741,0.495541712322,0.644551708714,,0.320938503642,0.292996293167,0.827603554362,0.772610017387,0.710928488405,0.386016141694,0.48727769068,1.08116884348,1.0081021677,0.541191022982,0.462700940937,0.359576395305,0.715676124901,0.754577850098,0.862117040009,,0.299217074437,0.557714299164,1.9038001406,0.230639914937,0.276976300441,1.1180742429,0.5975869733,1.03882349486,0.879225718437,2.00103489473,0.346198582842,0.20268021091,,1.03538394692,0.199138886288,0.765335621304,,1.85423994671,0.804597981269,1.07671416931,0.794313249706,0.849390234437,,0.585418612745,1.44204846847,0.922811943053,0.231752327481,0.565620239593,0.968645393485,2.03030344833,0.665849961709,0.43576528534,0.425282010268,0.148041818666,0.875056012157,1.06146115131,0.938041654853,0.597488664685,0.488611149175,0.925058996132
34,,1.91437805612,,0.228628203206,0.585783138003,0.970471669126,0.430129433804,0.608145288558,0.59970585143,0.998600085116,1.03214632725,,1.35169921046,0.264116911427,1.23779268778,,0.679078747006,0.166740518127,1.02935582511,0.989857337752,1.29398983283,1.22857456188,0.385460850995,0.6035401989,0.269119300018,0.911054509078,1.13699347644,1.06580144358,1.31197715366,0.741750456509,0.838212512791,0.542067463818,0.789720655873,0.795154882098,0.982300681186,,0.43078041192,0.494352523919,0.94075056837,1.09167835042,0.113375538971,0.860527062463,1.7056199093,,0.12358990643,0.371684071374,1.31108057405,1.18896449029,0.584817574367,0.542462626605,1.9711474186,0.922140798661,0.168562663333,0.408216519079,0.366586106886,0.707661121256,,2.04052564175,0.681291092557,0.780317544772,1.26773659176,0.35045225399,0.830622117504,0.774607162356,0.353382957362,0.871217955942,1.00295241148,0.755351791925,0.367123333319,0.94078242699,0.337728275586,1.07606586582,1.07570676054,0.941982886258,0.356582335803,,2.06439863236,1.79324974257,1.04928084955,0.147966905736,1.87557013506,,1.01166315353,,0.839580174906,2.08565322918,1.08185200037,2.03992887654,0.691514206193,0.246061080429,0.663372859679,1.94900792081,0.501467526353,1.28625599166,0.277097736299,0.162391888542,0.230254989495,0.657214341592,0.251415812748,0.766259909545,0.292068876334,0.723271134136,0.826058030833,0.144460286726,0.50297154498,1.03281019799,1.72754447376,0.365695471311,0.535639230487,0.44034439666,,1.37274020628,1.25836581555,0.468313588627,0.511588292727,0.33007513051,0.506077054655,1.09314150362,1.07680083437,0.892046255538,,2.0308917654,0.20697092541,0.572464561061,,1.45472550449,1.24950359473,0.582475391134,1.27876409616,0.127938770638
35,1.54210388291,1.06401745284,0.538172056058,0.859931632186,1.64230276951,,2.03146862844,0.855662015885,,0.566702081604,1.09635572772,0.187289835151,0.646120040355,0.715988791682,0.408899517505,0.453291459913,0.387809736194,0.778190669354,0.173888751287,0.631962794481,0.839758250497,0.908696779747,2.06880967834,0.291549696083,,0.491570343102,0.251979852856,0.776330382427,0.951060858956,1.43634321005,0.364088005529,0.16630816354,1.21130554293,1.46762015335,,1.03988202959,0.390675907001,0.592556702622,0.633360547921,1.26302809911,1.61856991844,0.290724741807,0.547238023492,0.877511532353,0.631470341487,0.849949695501,0.484533157326,1.06065875252,0.507535774335,1.34893129371,,2.00637737663,1.15637794137,1.97444688423,0.175191550231,0.373184164668,1.03217799277,,,1.06737518854,0.472061517876,2.0389693049,0.822483215227,,0.510113109215,0.448768162303,0.956285451105,1.03375673108,1.33034816594,0.344716059678,0.942425971748,0.983057430308,0.609848232245,0.403557337572,1.11932109708,0.134965145871,0.37965898191,0.225812068153,2.03966976706,1.8952716868,0.141489815897,0.826568223393,1.72723068821,1.40236190859,0.193140872693,0.422056482647,,0.489066570557,,0.982149598532,0.704069998083,1.09201991818,1.08646065081,,0.443611856399,0.296080691993,1.74937636935,1.55419590422,1.34447783066,0.468586902056,1.44322370074,1.57270530359,0.54813383406,,1.04541539089,0.461385645666,0.902154819618,0.425076676759,0.292031447895,1.00167581561,0.556167307333,0.339221378325,0.65499875497,1.84129955833,1.06023675153,1.11797344452,0.115295352679,0.312847434036,0.472663445477,1.05531923157,,0.672185792243,1.48845572235,0.633667679384,0.511465553278,0.565523285401,0.671455658214,0.468428430911,0.947604958282,1.85123278363
36,1.02292163376,0.261418349398,0.837423298119,0.253289923215,0.759975155901,0.520428052609,0.451983662346,0.506749829569,1.31937505558,0.420063186815,1.93711902115,0.942120089077,0.796462809272,0.897495023718,0.749289620457,0.289611400212,,1.09236411123,0.886903273223,1.84318013128,0.218801999234,0.105715009369,0.965576732867,0.406405915849,0.599064789305,1.64686374766,0.323634658442,0.283057077822,0.883089332725,0.201950048568,0.661435367165,1.75599057862,0.949849463402,0.585405316304,1.42919974262,0.654396174898,0.326347802058,1.58715068138,0.282518641867,0.501528381253,0.381402040742,0.550094205865,0.300716433819,,0.445424152684,1.69148024855,0.396401413625,0.598049316596,2.0414607351,,0.678225406797,0.447197456964,0.556300037042,0.48823181519,1.50818987913,0.367472616182,0.183688363017,,1.08872339235,0.716944388056,0.199058180161,0.384174058946,,2.03937503607,0.926737166955,1.91298631709,0.903547547161,0.269378076975,0.777895613096,0.629763897034,1.47767700789,,1.57128201371,0.575197387631,0.264633123995,1.2267007075,0.626909093202,0.562850430069,0.830477438676,0.9543978424,0.990223412675,2.07885171425,0.22674273823,0.155362415966,,0.568577581438,0.371557351168,0.708838724811,1.43058998753,0.453987622798,0.930963887815,1.02782308949,0.934370772554,0.560143952661,1.69419781526,0.668739936043,0.388051983682,0.252867773108,0.219035569918,1.03977639727,0.190263315117,0.628578551707,0.302374730157,,0.688261846878,1.44559571044,0.502409322222,1.03805413292,1.488242177,0.248903107823,1.3641933218,0.922872055009,,0.189575638772,,0.802682353221,1.98006911171,2.05425132994,1.9218595946,0.706365545134,1.50791277723,0.817386114612,0.984077749998,0.16599996305,0.735685970611,0.711558079113,0.58937799757,1.75310428303,0.769924586347,0.353579680246
37,0.1660414193,0.215646420215,0.535498452698,0.414730208987,0.296525782009,0.180057299304,0.618534628947,0.483810668941,,,1.10682340022,0.19218735135,0.193530477902,0.764473783216,0.16944781712,0.505288480905,1.74025053002,0.559529018765,0.430268409476,,0.897566459715,0.308819676763,0.546736552965,0.103034409886,0.487107291254,1.48814760796,0.675148686517,0.940811089822,0.26908166604,0.300960466694,0.76735898268,1.54369283285,0.233916644426,1.02239426729,1.85855674379,0.809870746612,0.448114413278,1.92555314079,0.35754905007,1.05575272889,0.370236963322,0.995049325625,,1.69329478934,,1.62746425579,0.106002216248,0.81467262671,1.74253327077,0.769072444252,0.739658975534,0.838543963039,,0.166090993982,1.9964676882,0.67424588427,0.969155177716,0.753222389966,,0.61302068821,0.610694761287,0.144319306032,0.134391477462,1.9860591196,0.765308825436,1.18968014895,,0.596863867842,0.53943117279,0.686814980071,1.80244044315,1.95502966822,1.48396072451,0.861687676005,,2.05346315088,0.295510956573,,0.487723549456,0.519676221136,0.687126682448,1.53187021729,0.197675514039,0.636016240451,1.81621210213,1.08094051868,0.324604071065,0.189665136619,1.19042604498,0.291794151289,0.800826559133,0.508811782607,0.437291336942,1.07410818343,2.09233293744,0.915288151689,0.978872412022,1.05803608403,0.353508158732,0.329111906902,0.701710251724,0.844725733301,,0.836459344517,,1.39138457458,0.673134020153,0.279080223765,1.59347144242,0.911981668702,1.41072601369,1.00018354206,0.260417311074,0.389646861779,0.413165466419,0.646806446035,1.22333288068,1.43410388029,1.27276732584,0.955847343976,1.22819619661,0.552491024319,1.09945247644,0.440924898278,0.329740427462,,0.460555547979,,0.614579248795,0.524738727569
38,0.474011511267,0.848631299041,0.67798827526,,0.664491524893,0.628117753017,1.02344248758,0.467692232646,1.77869475113,0.443780218504,,0.271486207265,0.861918994386,0.728180708733,0.289486744246,0.704264927305,1.21968525214,0.132125894998,,1.9853170795,,1.06823287718,0.661470236831,0.619850658962,0.445354604444,1.98347397109,0.947483938133,0.928323910701,,0.982345922443,0.992831979434,1.32603845932,0.149414830721,0.297327761754,1.43132264285,0.528071377998,0.292399556249,1.72639668837,0.734323310761,0.98604374292,,0.832835174061,1.05872047556,1.61710735652,0.223218869085,1.47601306791,0.660954455631,1.03996016805,1.5871353479,1.07540326858,0.18437361124,1.08835891748,0.33874525721,0.787049669374,2.02004384888,0.722262646023,,0.547467079553,,0.97673690386,0.652332371221,0.458424998214,0.347968948739,1.9592993208,1.02519662145,1.43494868525,0.495533151174,0.244700030747,0.941667845931,0.783986140072,1.45544370348,1.46002344026,1.99283984125,0.313660885403,1.08967997267,1.78511111458,1.00704925934,0.961310526393,0.621579101822,0.385339064528,0.585917721723,1.47872464842,0.849118632287,0.198245412048,,0.637028565287,,0.418649731503,1.98673665583,0.860255050134,,0.185201836033,0.667101920348,0.760012193655,1.3867250395,1.00715258313,0.741183328692,0.195321445313,0.834873715037,0.898891486674,1.0287311983,0.372311754873,0.227412298282,0.7160625974,0.777138014101,1.85631891751,0.336700415468,0.130708159638,1.79630998506,0.479160027312,1.84253232692,0.861177745962,0.940376747572,0.23521248161,0.64854181609,0.540485528209,,1.46051982781,1.34954862786,0.869373247477,2.04599944552,0.413864658994,0.197993451383,0.434290462726,0.154527369174,0.195432645116,0.842810013208,1.25650450851,0.638866973894,0.9662342428
39,0.333613953326,,1.00297854332,1.07492653912,0.98369758815,0.57583007891,0.318237918501,0.44701618652,1.81911750068,0.368706469715,2.07704554546,0.43832131089,,1.04738598649,0.9911049174,0.74244741909,1.16757511337,0.793053042111,0.241480159655,1.60023677363,1.01509018355,0.404739942348,0.471833623852,0.2388042007,1.01419487314,1.60167100882,,0.949041781208,0.555061636185,0.963641146167,0.816011583869,1.71572139756,0.54672121577,0.960381232406,1.53063937644,0.991858459386,0.481596640772,1.86341296643,0.606721147958,0.749695056881,0.911138709258,0.121649736475,0.714807752782,1.37764941133,1.0569851886,1.21183869059,0.695781546214,0.583346293613,1.97270919447,1.01764375963,0.350772293013,0.32952861384,1.00543087152,,1.82714073905,0.191100282294,0.150652321921,0.958700266088,1.02408917022,0.272823946585,0.695469669256,0.498660850334,0.715080525763,,0.729263236299,1.50224064974,,0.136412066085,0.507094224436,,1.2079553281,1.26050025051,1.29108898545,0.698816393923,0.87084336432,1.25003069584,0.557114749343,0.471296025475,0.189934137735,0.526238858,0.729719982149,1.28347778796,,0.688786726764,2.05366982978,0.766604673985,0.477209884874,,2.06750315962,0.156203025098,0.680018477518,0.822231007784,0.91177178333,0.765801595529,1.65420667388,0.196732699119,0.291045867008,0.920238315919,0.605857904856,0.984696499481,0.179911894641,0.166562945877,0.548797655102,1.06926940984,1.00634326541,1.60743674579,0.766703624129,,1.39427683333,0.391543646213,1.60827906381,0.497564518707,1.03143009514,0.747975974053,0.198122157064,0.514328237702,1.30126383171,1.23022770635,1.95793109489,1.06304915557,1.80711556351,1.09358006667,,0.348861075316,0.211885868114,,0.722403319777,1.24202065001,0.499625127588,
40,,0.427339795843,,0.527732990425,,1.06776404069,1.57063385494,0.665326431112,,0.914567749011,,0.241023193837,1.03432815753,0.333775978803,0.914162195871,0.362441279805,0.945217984178,0.227540534936,0.35675745217,0.928561456039,0.368822765936,0.679624275544,1.43795340061,1.08763321598,1.45805465982,1.0515398993,,0.4523448415,0.470248427889,1.39665691575,0.891758519846,1.05793737282,1.70619641275,1.6074176924,0.780965281152,0.360080594849,,0.131897902683,0.579328195511,1.52940353441,1.9141840935,,0.592835677182,,1.08347542193,0.741909365149,0.717011199382,,0.689583962698,1.64370987061,0.139654963235,1.41447518494,,1.55751051384,,,0.50762994289,0.484216888441,,,0.679680109513,1.44326156832,1.09926866031,,0.364863692433,0.330385430951,0.366052922977,0.785588277958,1.17345552234,,,1.07247399742,,0.136193712088,2.06969337642,0.707913937857,0.818642563576,0.345966942369,2.05970703447,1.88991997262,0.700720000364,0.311403223291,2.05618487576,1.49264267115,0.120194848031,0.587177917896,0.239830947006,0.184356290243,0.341156515578,0.841872636531,0.400247101784,0.169941627409,1.07476021233,,0.601244450201,0.838588879095,,1.83465270722,1.21907806228,0.92071011589,1.409990722,1.46573310771,0.833504591276,0.754066853487,0.22585338106,0.953038856519,0.198586944293,0.333615240921,,0.891501785099,0.531486791066,1.07999527457,0.930756700077,2.04974614005,0.571393843193,1.28146171991,0.988688349096,0.725977025772,,0.570233149654,0.370769574714,1.03617668488,1.46053788984,,0.644236820819,,0.772718232248,0.142190245106,0.182470176683,1.30580028364
41,1.27129391969,0.813703799746,0.46866249231,0.725574466745,1.62655063712,0.212801129886,,0.165699595067,0.568562039481,1.03869460821,0.319608523611,1.09426023881,0.905982505056,,,0.586159928583,,0.649618283909,0.641241888874,0.744444496503,0.846221842358,1.02709818445,1.10106801931,0.800968642645,2.09820877306,0.693459778905,0.962124358116,0.219260126888,0.710850521862,1.26592390618,0.263535433215,0.877515420028,1.94424364188,1.59015177194,0.859640742469,0.365137674335,0.620729939634,,0.462417084014,1.5857432167,1.21923279132,0.777486289495,1.02000329784,,0.16705831535,0.43081617336,0.942493161747,0.731429098722,0.786214119718,1.44727097213,0.322519687275,1.33164402329,1.81847843397,,,,,0.448015362938,0.985032024882,0.572833986279,0.555027494019,1.45576562057,1.08458877768,0.280438178709,0.941084048585,0.730469038411,0.351201973084,0.722583492578,1.47225143056,,1.07722750122,,0.21992147383,0.327233613348,1.13188216165,0.763454132777,,1.01873384362,1.53488964446,1.71827985763,0.479173786302,0.169104118494,1.29410907576,,0.226148872196,0.439575953303,0.761849848111,0.629409160765,0.588597533686,0.698746641351,0.929597084859,0.828724748865,0.682533671396,0.414103701967,0.886577978198,0.407574091995,1.37458081944,2.00394591519,1.43328177458,0.751438403267,2.07347899412,1.81751601191,0.210420915202,0.194747239559,0.949215651421,0.399921650312,0.62333067585,0.196892431798,0.586442355789,0.176224807145,0.925161223869,0.802307738626,,1.8805022787,,2.00463506569,0.84958859436,0.338509977446,0.323285822774,0.575541026042,0.948788027044,0.54761061966,,0.768304095548,0.51605326024,0.792211740482,0.496371094606,0.213269438554,0.958455709943,1.89910729435
42,0.522585393599,0.202796184825,0.19066544716,1.08008968218,0.731229710661,0.675133803812,0.578776480205,1.06277738051,0.351235909873,,0.104113515828,0.136242944482,1.01541090482,,0.566776731582,0.382040348224,0.942466276456,0.969911676116,,0.563479234185,0.884811352073,0.558113052647,0.380314580686,0.421729168895,0.685151905542,0.671124209761,0.306142879531,,0.250915116859,0.71260012594,0.485992362958,0.700812704803,0.503722499019,,0.394919434297,0.831683967166,0.553990409746,0.480332279529,0.103955593343,0.943414495977,0.788581702443,0.749065853916,0.389757038557,0.804888650961,0.877371349927,0.239886698666,0.795527290331,0.928741768273,1.02176817029,0.328337054496,0.651127397792,1.02467968977,,0.512924325989,0.212577655471,0.755927806565,0.737376381695,0.299431461064,0.213301966866,0.711563638467,0.331498828402,0.892213959054,0.450922933972,0.343311687794,0.590927758781,0.488741445246,0.490001881535,0.122738871968,0.477981119442,0.134322397037,0.154360313496,0.875181964806,0.501925376936,,0.360099716031,1.07597239451,0.751971711645,0.714938748143,0.336697026475,0.642159367689,0.375276317663,0.105771456078,0.653516294349,0.61064451499,0.369845776255,0.738812788867,0.709432183534,0.174463979301,1.05329102995,0.575989573603,,0.289655903763,0.570138614611,0.887524952047,0.744351066789,0.566695485188,0.351435277164,0.448313775064,0.989053557424,0.941862823619,0.59833796402,0.940650915789,0.233044784058,0.559359684225,0.855445363339,0.308763346004,,0.997588358745,1.04808698583,1.06391023971,,0.489236192997,0.145335148363,0.714874535675,0.98431495148,0.282268247349,0.321637810608,1.0617344641,0.368498049628,0.508464520794,0.885555607257,0.282244497739,0.343262829513,0.782274913351,0.734513248648,0.418386922219,0.174991094819,0.803362108035,0.811918275606,0.101313861736
43,1.5021261057,0.754698011086,,0.320697558476,1.44697435659,0.165233727787,1.28065051311,0.421002437939,0.482830647223,1.02422503928,0.449914396968,0.297389400646,0.415915475941,0.315205099085,0.108804917021,0.239294098432,,0.12666184108,0.222280731816,0.130242217664,0.197873241427,0.988440464131,1.31682159493,0.144944119719,1.1760635817,0.608146514311,,0.559892805817,0.33697868433,1.8107163198,,0.279836388236,1.63826441413,1.20600194008,0.923133890587,0.446118901604,,0.526629786352,0.558721556548,,1.97145788564,0.136880095853,0.62823014035,,0.334345267872,,0.202254296179,0.93093868868,,1.61225425629,0.346345453698,1.81768264496,2.01625667868,1.66445683334,0.713981036326,0.864470190602,0.945149598562,0.801114008867,0.614312823105,0.660300625504,0.360995211747,1.51933355781,0.733587440811,0.611608597747,0.292539664757,0.551520578483,0.382955249739,1.08946310551,1.52618617831,0.108799399935,0.159339690178,,1.03411697484,0.886519991241,1.7736354303,0.675571754228,0.709865957517,0.999578984541,1.73506627037,1.1147251551,0.232346844073,0.283801354864,,1.88277654215,0.310699177056,0.690286095125,0.886710743742,0.18619052652,,1.06552248589,0.10326602767,0.809377150787,0.264175730647,0.823342249707,0.871251269483,0.325036588793,1.23067382545,1.18016300469,1.10736056416,0.536909759935,2.05084507561,1.63976731407,0.974550751106,,,0.991359051056,0.237939459902,0.104136739419,0.969727243296,0.72890832799,0.371642814108,0.666110109904,0.54445399379,1.18783165474,0.196803358099,1.19533675438,0.656721489652,0.621672201274,0.561496511522,,0.559363007228,0.507475087205,1.22571482546,0.354669785136,0.430779060496,,0.724092579465,0.548112400998,0.122585957654,1.56861714116
44,0.356745621374,0.105547960395,0.704418977683,0.435370647492,,0.203138106062,0.879543413715,0.624022710993,,0.599258350308,1.04905476452,0.784271266088,0.853285123394,0.520860824447,0.912644247445,0.702046651985,0.785721870217,0.974836372845,0.153868493957,0.763023686238,0.976897924144,0.332541975947,0.22415707035,0.968302449184,0.23137951817,0.822300991478,0.555140496916,0.106268378092,,0.305700696577,0.828690096523,0.156059069324,1.07128079969,0.916825946962,1.05204776151,0.214516287631,0.441486427487,0.719706322763,0.642844104322,0.950050964634,0.16623313854,0.376085134007,0.502035678777,0.335837202446,0.786938381741,0.522490555391,0.433383829051,0.233764459333,0.365869741831,0.867307368035,0.788531306149,0.447800699235,0.106641422534,,0.590541630928,0.3596913534,,0.556660188588,0.359770287149,1.09785987119,0.560864445297,,0.253638453399,0.88119812494,0.407297572199,0.435807778413,0.67230138011,1.08029395338,0.171821116186,,0.675179027462,,0.292357082406,,0.955435716233,0.980457517091,,0.723660099496,0.450164752249,0.236302587807,0.984380764219,0.821480518208,0.898179873422,0.474185443146,0.34425094663,0.56168957975,0.22346066072,,0.307679979487,0.377661441377,0.669511307408,0.263444892329,,0.788123331356,,0.403662692013,0.591099968262,0.33318810991,0.279157796162,,0.468670614115,1.0932123442,0.739506520111,,0.852335414241,0.197001745512,0.443112020711,,0.893891391047,0.31511070981,,0.934848918798,0.692177598767,0.727370150105,0.704805161337,0.465354119444,0.674078757887,0.353936209972,0.777121937769,0.711312341934,0.970939014487,0.458487013978,0.612338255996,0.355532806005,0.223969862094,0.110096665955,,0.234582498267,0.465357995228,
